Clinic Name,Phone,Email
"06-09-2026 Clinic","123456789","vedix124@gmail.com"
"09-06-2026 Clinic","+91 63561 82998","vedix124@gmail.com"
"3rd Eye Clinic","079 4000 8281","helpdesk@3rdeyeclinic.com"
"A2Z Dental Solutions","+91 90549 08856","a2zdentalclinic@gmail.com"
"ABC Heart and Skin Care Clinic","+91 87993 81880","abcheartandskincare@gmail.com"
"ANSA Clinic","079 40191930","drsagarbetai@gmail.com"
"Aadhya Multi Speciality Hospital","","aadhyahospital16@gmail.com"
"Aarogyam Clinic","+91 99092 67890",""
"Aashu Dental and Multispeciality Clinic","+91 98251 58578","aashudental@gmail.com"
"Aastha Eye Clinic","+91 98253 21877","drtusharbhatt@gmail.com"
"Accrete Health Demo Centre","+91 98765 00002","accretevinit@gmail.com"
"Accrete Health Demo Centre","+91 98765 00002","accretevinit@gmail.com"
"Advanced Multi-Specialty Dental Clinic","+91 98981 77155","dr.patelviral@gmail.com"
"Agrawal Dental Clinic","+91 98244 12531","adcsatellite@gmail.com"
"Ahmedabad Clinic","079 2754 1122",""
"Ahmedabad Dental Care","+91 98240 84814","ahmedabaddentist@gmail.com"
"Ahmedabad Orthopaedic Centre","+91 98256 09994","kunalshah281986@gmail.com"
"Akshar Homeo Clinic","+91 98983 89012",""
"Amdavad Eye Laser Hospital","+91 96248 96248","info@amdavadeyelaser.org"
"Ami Dental House","+91 99780 06000","amidentalhouse@gmail.com"
"Amrapali Dental Clinic","","drmann09@gmail.com"
"Anamay Cancer Hospital","+91 87992 94007","anamaycancerhospital@gmail.com"
"Ananta Urology And Robotics Clinic","+91 90168 63102","drrohanapatel@yahoo.com"
"Apex Dental Demo Clinic","+91 98765 00001","vinitdharaiya124@gmail.com"
"Apex Dental Demo Clinic","+91 98765 00001","vinitdharaiya124@gmail.com"
"Arthritis Care Clinic","+91 98253 78901",""
"Asha Cosmetic and Aesthetic Clinic","+91 99099 92918","ashaclinic02025@gmail.com"
"Ayuh Fertility Centre","+91 94260 28483","ayuhfertilitycentre@gmail.com"
"Ayutirth Ayurved & Panchkarma Hospital","+91 98246 54364","ayutirthayurveda2025@gmail.com"
"Balaji Women's Clinic","+91 70460 02566","balajiwomensclinic@gmail.com"
"BeFit Health Studio","+91 76002 33746","befitstudio118@gmail.com"
"Bhagyoday Mindcare","+91 83203 59931","bhagyodaymindcaretrp@gmail.com"
"Brij Dental Clinic","+91 98982 12228","brijdentalclinic@gmail.com"
"Care N Cure Physiotherapy Clinic","+91 98752 67418","Jayminnaik_dr@yahoo.com"
"Carve Dental Studio","+91 79905 50587","carvedental@gmail.com"
"Chhaya Chest And Allergy Clinic","+91 92653 12299","chhayachestclinic@gmail.com"
"Chhaya Chest Clinic","+91 92653 12299","chhayachestclinic@gmail.com"
"Chintan Dental Clinic","+91 97238 81577","chintandentalclinicindia@gmail.com"
"Darshan Dental Clinic","+91 98791 81608","dr.darshan161986@gmail.com"
"Deep Dental Clinic","+91 99242 91579","jigneshfaldu@gmail.com"
"Dentalign Family Dental Care","+91 96876 19555","dentaligncare@gmail.com"
"Dev Dental Care","+91 99742 12190","shetaviral@gmail.com"
"Dev Multispeciality Dental Care","+91 98792 49417","drdevdentalcare@gmail.com"
"Devam Dental Clinic","","drchintan1980@gmail.com"
"Dew Skin Clinic","+91 70691 43050","dewskinclinic@yahoo.com"
"Doc & Dent","+91 98790 65432",""
"Dr Bhalla Dental Clinic","+91 98241 93935","msbhalla@drbhalla.com"
"Dr Deval Trivedi's Clinic","+91 98981 34567",""
"Dr P.S. Plastic Clinic","+91 98251 23456",""
"Dr. Ankita's Physiotherapy Clinic","+91 90995 18005","drankitasclinic@gmail.com"
"Dr. Barad's Clinic","+91 91042 15158","drbaradsclinic@gmail.com"
"Dr. Benazir's Care Dental Clinic","+91 98794 23456",""
"Dr. Bhatt's Clinic","+91 97270 82623","drbhattsclinic.1@gmail.com"
"Dr. Chirag Patel Orthopedic Clinic","+91 98250 98250","contact@patelsjointreplacement.com"
"Dr. Ishita's Dental Clinic","+91 75670 52952","ishitasrehab@gmail.com"
"Dr. Mehta's Dental Care","+91 94285 63659","drmehtasdentalcare12@gmail.com"
"Dr. Parikh's Pristine Dental Clinic","+91 99093 36825","pristine.dental.in@gmail.com"
"Dr. Physio Physiotherapy Clinic","+91 98250 12345","dr.jeetendra@drphysioclinic.com"
"Dr. Pragnesh Vachharajani Clinic","+91 98242 45678",""
"Dr. Sachi Sheth Pain Clinic","+91 94285 44309","sachi.mehta20@gmail.com"
"Dr. Shukla's Kidney Clinic","+91 84017 72256","dr.harshilshukla@gmail.com"
"Dr. Urvil Shah X-ray & Sonography Clinic","+91 98254 01234",""
"Dr. Vijay Morya's Clinic","+91 98792 56789",""
"ENT Surgery Clinic","+91 87339 02904","keyur.gavadia@gmail.com"
"Ekta Clinic","079 2274 5678",""
"Endo Kids Clinic","+91 74900 26360","endokidsclinic@gmail.com"
"Enliven Skin Clinic","+91 79846 03175","dr.apsol@gmail.com"
"Eyeconic Eye Clinic","+91 88496 30310","eyeconiceyeclinic405@gmail.com"
"Eyevis Eye Clinic","+91 75671 26934","eyevis.eyeclinic@gmail.com"
"Faizz Clinic","+91 96347 87834","faizzclinic@gmail.com"
"Globe Eye Clinic","+91 97271 62045","drankitshah.eye@gmail.com"
"Grand Aura India - Rajpara Clinic","+91 98987 98005","info@rajpara.net"
"Health Multispeciality Hospital","+91 63565 01500","healthhospital@gmail.com"
"Healthy Future Physiotherapy Clinic","+91 81282 82878","hfphysio@gmail.com"
"Healthy Life Multispeciality Physiotherapy Clinic","+91 98797 82912","healthylife212multi.physio@gmail.com"
"Homeopathic Clinic Ahmedabad","+91 76006 37626","drshreypatel@gmail.com"
"Ivories Laser Dental Clinic","+91 98799 36039","ivoriesdentalclinic@gmail.com"
"KE.NA. Eye Hospital","+91 92652 44935","kenaeyehospital@gmail.com"
"Kankaria Multispeciality Hospital","+91 82000 37007","kankariamultispechospital@gmail.com"
"Karm Clinic","+91 98255 67890",""
"Keshav Dental Center","+91 95125 84773","dhrupalkesav@gmail.com"
"Krishiv Dental Clinic & Implant Centre","+91 96380 88866","krishivdentalclinic@gmail.com"
"Krishvi IVF Centre","+91 87994 90309","krishvihospital@gmail.com"
"Lavanya Skin Clinic & Laser Center","","bhavik.bhavsar78@gmail.com"
"Lead Test Row 1","+91 99000 00001","vinitdharaiya124@gmail.com"
"Lead Test Row 2","+91 99000 00002","accretevinit@gmail.com"
"Magic Aesthetic Clinic","+91 97371 63714","magicaestheticclinic@gmail.com"
"My DrTeeth Radhe Orthodontic and Multi Specialty Dental Care","","radhe.drteeth@gmail.com"
"Namah Homeopathic Clinic","+91 81530 03828","gaurav9bhatt@gmail.com"
"Naroda Orthopedic Hospital","+91 74900 04049","orthopedicnaroda@gmail.com"
"Natura Care Clinic","079 2297 0633","contact@naturacareclinic.in"
"Navneet Medical Centre","+91 98248 80303","kjssmedicalbopal@gmail.com"
"Neo Dermatologist Clinic","+91 78743 71382","info@neodermatologist.com"
"Neo Smile Dental Clinic","+91 99090 87654",""
"New Life Speciality Clinic","+91 99789 83170","drhspatolia@hotmail.com"
"New Touch Skin & Hair Care Clinic","+91 97149 49489","newtouchindia@gmail.com"
"Nova Health Physiotherapy Clinic","+91 96010 60770","novahealthphysio@gmail.com"
"O Shreeji Dental Clinic","+91 94268 63675","oshreeji.dent@gmail.com"
"PMG Hospital Orthopaedic Clinic","+91 96627 70141","pmghospital.ahm@gmail.com"
"Pain Care Clinic","+91 94087 54678","paincareclinic@gmail.com"
"Patanjali Chikitsalay Bapunagar","+91 80055 71529","patanjalistorebapunagarahmbd@gmail.com"
"Patanjali Chikitsalay Ishanpur","+91 99799 75324","patanjalichikitsalayisanpur@gmail.com"
"Patwari Clinic","+91 98980 12341",""
"Physio Absolute","+91 98257 85539","drkeyurjpatel@gmail.com"
"Poojan IVF Centre","+91 84608 10362","ivfpoojan@gmail.com"
"Pramukh Dental Care","+91 70169 93042","info@pramukhdentalcare.com"
"Prannav Ayu Clinic","079 2656 8901",""
"Pulse Care Clinic","+91 97242 81929","pulsecare108@gmail.com"
"Raghudeep Eye Hospital","+91 70691 30909","contact@raghudeepeyehospital.com"
"Rapid Care Physiotherapy Clinic","","rapidcarephysiotherapyclinic@gmail.com"
"Rudra Dental Clinic","+91 98986 38037","dr.poojatilva@gmail.com"
"Rudray Dental","+91 89801 08102","rudrayhospital@gmail.com"
"Sadbhaav Eye & Dental Clinic","","sadbhaavclinic@gmail.com"
"Samkit Dental Clinic","+91 98240 54321",""
"Samved SoBo Clinic","079 2656 2993","samvedortho@yahoo.com"
"Sanjivani Clinic","+91 98250 41238",""
"Satyam Dental Clinic","+91 98793 90123",""
"Shah Dental Clinic","+91 90164 47332","shahdentalclinicabd@gmail.com"
"Shah Eye Hospital","+91 99748 47484","drshaheyehospitals@gmail.com"
"Sheth Dental Clinic","+91 98255 98120","shethdentalclinicgogreen@gmail.com"
"Sheth Dental Clinic And Implant Center","+91 98255 98120","shethdentalclinicgogreen@gmail.com"
"Shivaay Speciality Clinic","","shivaay.clinic@gmail.com"
"Shivamastu Ayurveda","+91 98984 12345",""
"Shree Krishna Homeopathy Clinic","+91 98240 45505","shreekrishnahomoeopathyclinic@gmail.com"
"Shreedant Dental Clinic","+91 99040 38019","shahnirmit1995@gmail.com"
"Shreemad Hospital","+91 63596 00700","shreemadhosp1725@gmail.com"
"Shri Ram Clinic","079 2277 1234",""
"Shriyan Dental Clinic","+91 98241 03747","shriyandentalclinic@gmail.com"
"Shwet Dental Clinic & Implant Center","+91 98987 44107","drdhaval@shwetdental.com"
"Silver Touch Hospital","+91 74340 55055","silvertouchhospitalsatellite@gmail.com"
"Somani's Orthodontic & Dental Clinic","+91 99258 76444","somanidentalclinic@gmail.com"
"Sparsh Skin & Cosmetic Clinic","+91 97246 93940","info@sparsh-clinic.com"
"Spine Clinic Ahmedabad","+91 99049 89966","info@thespineclinic.in"
"Stavan Eye Clinic","+91 99099 72424","info@stavanclinic.com"
"Strivon Physio & Fitness","+91 70169 97251","strivonphysiofit@gmail.com"
"Sudarshan Eye Hospital","+91 98250 12345","harshitgp12345@gmail.com"
"Sunflower Women's Hospital","+91 99780 78044","info@sunflowerhospital.in"
"Surya Hospital","+91 84888 52300","suryahospital2021@gmail.com"
"Swasthya Family Clinic","+91 99785 28400","swasthyaclinic@gmail.com"
"Swastik Superspeciality Dental Clinic","+91 81604 79843","swastikdental07@gmail.com"
"Tanus Skin Hair and Body Clinic","+91 70481 82154","hello@tanusskin.com"
"Teeth Care Centre Dental Hospital","+91 93777 83384","info@teethcarecentre.com"
"Tejasya Hospital","+91 98098 10108","tejasyahospital@gmail.com"
"Test Practice Alpha","","accretevinit@gmail.com"
"Test Practice Beta","","vedix124@gmail.com"
"The Physio Plus","","physiopluse1125@gmail.com"
"Trauma and Orthopedic Center","+91 98250 87821","tarjani.kuntal@gmail.com"
"Trusmile Dental Clinic & Implant Center","","Trusmile247@gmail.com"
"Tuskers Multispeciality Dental Care","+91 80000 97970","shauryagandhi.sg@gmail.com"
"Tuskers Multispeciality Dental Clinic","+91 80000 97970","tuskersdentalclinic@gmail.com"
"Urban Aesthetic Clinic","","Urbanaestheticclinic.ahmedabad@gmail.com"
"Urja Hospital","+91 88661 23234","urjahospitalnaroda@gmail.com"
"Vaama Skin & Aesthetic Clinic","+91 98986 32100","vaamaclinic@gmail.com"
"Vardan Dental Clinic","+91 98980 25261","drketulpatel05051976@gmail.com"
"Vedasy Multispeciality Dental Hospital","+91 88666 67234","support@vedasydentalhospital.com"
"Venus Eye Hospital","+91 83206 12345","venuseyehospital@gmail.com"
"Vinit sampel","97468545","vedix124@gmail.com"
"Vyom Orthodontics & Dental Care","+91 98253 19810","kalyanimtrivedi@gmail.com"
"White Pearls Dental Clinic","+91 97376 86932","hinesha61096@gmail.com"
"Yash Dental Clinic","+91 73835 90393","manishamehta554@gmail.com"
"Yogiraj Multispeciality Physiotherapy Clinic","+91 75730 76876","yogirajphysiotherapy@gmail.com"
"iVA Skin & Laser Center","+91 97261 31375","shah_maitri89@yahoo.in"
